KunstDesigner	Schenker	BioBewerkt	Prijs	TYPE	Werk	OverWerk	BioOrigineel	Formaat	Code	Lot	Instagram
Marguerite de Geus	idem	Marguerite de Geus studeerde beeldende kunst aan Kunstacademie St. Joost in Breda. Ze is docent Beeldende Kunst en Vormgeving  aan de Willem de Kooning Academie. Ze werd genomineerd voor de Drempelprijs 2011 en was deel van de ‘Nieuwe Lichting’ tentoonstelling bij Galerie Vonkel. Daarna volgden groepstentoonstellingen bij Galerie Hommes, TENT Rotterdam, een solo tentoonstelling bij Psynapse Gallery en een duo tentoonstelling bij Your Gallery.	80	Aan de muur...	Paradise	Mystiek en Spiritualiteit liggen aan de basis van het werk van Marguerite de Geus. Toen zij begon met het maken van haar abstracte werk, ontdekte ze veel overeenkomsten met meditatie. Zoals meditatie voorbij gaat aan taal en dualiteit, zo is het werk een uiting van het moment waarop het gemaakt wordt en komt er geen gedachte aan te pas. Het moment is vol van potentie en ontstaansdrang. Zo ook haar schilderijen.	Marguerite de Geus studeerde beeldende kunst aan kunstacademie St. Joost in Breda en docent Beeldende Kunst en Vormgeving  aan de Willem de Kooning academie. Ze werd genomineerd voor de Drempelprijs 2011 en was deel van de ‘Nieuwe Lichting’ tentoonstelling bij Galerie Vonkel. Daarna volgden groepstentoonstellingen bij galerie Hommes, TENT Rotterdam, een solo tentoonstelling bij Psynapse Gallery en een duo tentoonstelling bij Your Gallery.	13 cm x 18 cm	degeus	101	@margueritedegeus
Stéphanie Maillart	idem		200	Aan de muur...	Truths	Abstract werk geinspireerd door muziek. Truths van Ludwig Göransson werd tijdens het maken van dit schilderij continu gedraaid.	Stéphanie Maillart (°1974) is een Brusselse kunstenaar die schildert (op) muziek. Als kunstenaar met synesthesie is ze gezegend met het buitengewone vermogen om geluiden te zien en te interpreteren als kleuren, vormen en texturen. De abstracte schilderijen tonen een klein fragment van haar visie op het gekozen deuntje dat in haar atelier in een loop wordt afgespeeld. Stéphanie is moeder van twee extraordinaire kinderen.	70 cm x 100 cm x 2 cm	maillart	102	@s.maillart
Nathalie Van der Massen	idem		1500	Aan de muur...	Aconite	Aconite is een monochroom textielwerk waarin reliëf en ritme de hoofdrol spelen. Subtiele variaties in structuur en oppervlak brengen gelaagdheid en intensiteit. Het stuk manifesteert zich als een stille, sculpturale aanwezigheid in de ruimte.	Nathalie Van der Massen (°1988) is een Belgische ontwerper en kunstenaar met een achtergrond in grafisch ontwerp en interieurarchitectuur. Vanuit haar studio in Antwerpen verkent ze de raakvlakken tussen textiel, design en architectuur. Haar werk – van wandkleden tot room dividers – balanceert transparantie, ritme en tactiliteit. Door ambacht en digitale technieken te combineren ontstaan ruimtelijke objecten die licht en beweging vangen, en zo architecturale contexten op een poëtische en gelaagde manier vormgeven.	50 cm x 60cm	vandermassen1	103	@nvandermassen
Lydia Segers	idem	Lydia Segers ging 35 jaar geleden, na haar studie aan de Koninklijke Academie voor Schone Kunsten, haar passie achterna: het omvormen van oude gouden juwelen tot een nieuw ontwerp. Na jaren lesgeven en coördinatie, heeft ze vandaag haar eigen collectie die de tijd overschrijft. Daarnaast geeft Lydia in haar atelier Studio87 beginnende goudsmeden de kans om bij te scholen. In oktober kan je Lydia's atelier bezoeken tijdens de "Antwerp Jewellery Week" en Open Ateliers 2025.	150	Om te dragen...	A02SM armband in zilver	De armband is een aantal jaar geleden ontstaan in een zoektocht naar een mooi onopvallend slot, het is een minimalistisch ontwerp.	35 jaar geleden begon ik aan deze reis, na mijn studie aan de Koninklijke Academie voor Schone Kunsten, mijn passie achterna en vandaag na jaren les geven en coördinatie ben ik er des te meer mee bezig, het omvormen van oude gouden juwelen tot een nieuw ontwerp, het maken van een collectie die de tijd overschrijft en het opzetten van een atelier Studio87 om beginnend goudsmeden de kans te geven om bij te scholen. Ik doe in oktober mee zoals telkens aan "Antwerp Jewellery week" en Open Ateliers 2025, waar je mijn atelier kan bezoeken.	12 mm x 18 mm x 0,9 mm	lsegers	104	@lydiasegers
Gerd Vercaigne	idem	Gerd Vercaigne (°1955) woont in Kasterlee en richt zich in haar werk voornamelijk op vrouwenfiguren. Sinds 1995 legt ze zich vooral toe op portretten, die ze uitwerkt in verschillende materialen.	50	Op de kast...	Portret 	Portret van gebakken klei op ruwe staander gemonteerd 	Mijn werken zijn vooral vrouwenfiguren. Steeds gewerkt met verschillende materialen. De portretten zijn vooral gemaakt vanaf1995. Ik woon in Kasterlee en geboortejaar 1955.	15 cm x 20 cm x 5 cm	vercaigne	105	
Sam De Nef	idem	Sam De Nef is een Belgische singer-songwriter en componist uit Antwerpen. Hij staat bekend om zijn introspectieve songwriting en tijdloze folkgeluid. Sam maakt muziek die emotionele diepgang combineert met spaarzame, sfeervolle arrangementen. Zijn werk wordt vergeleken met dat van Leonard Cohen, Nick Drake en Elliot Smith; maar heeft toch een eigen, originele sound. Sam De Nef blijft zich ontwikkelen als een van de meest veelbelovende stemmen in de hedendaagse Belgische folk.	150	Voor muziekliefhebbers...	Huiskamerconcert Sam De Nef	Concert	Sam De Nef is a Belgian singer-songwriter and composer based in Antwerp. Known for his introspective songwriting and timeless folk sound, Sam crafts music that blends emotional depth with sparse, atmospheric arrangements. His work draws comparisons to Leonard Cohen, Nick Drake, Elliot Smith, yet retains a distinct and original sound. Sam De Nef continues to evolve as one of Belgium’s most promising voices in contemporary folk.		denef	106	@sam_denef
Sebastien Rulmonde	idem	Sebastien Rulmonde is ontwerper. Hij vindt het fijn functionele items te creëren met oog voor detail. Deze ‘The Eye’ is daarvan het perfecte voorbeeld.	333	Voor in huis...	The Eye	The handcrafted eye of enlightenment 	Ik vind het fijn iets functioneel te creeren met oog voor detail.	1m50 hoog 	rulmonde1	107	@sebastienr82
Valri	idem	Valérie Gerard, Valri voor de kunstzinnige vrienden, is creatief therapeut, kunstenaar en gids in het KMSKA. $$$$ Na studies in grafisch vormgeving en orthopedagogie vond ze haar roeping in het begeleiden van mensen via kunst, therapie en workshops in haar atelier in het Red Lion Art House in Mortsel. $$$$ Haar tekeningen en schilderijen vormen een rode draad, met expo’s die steeds focussen op psychisch welzijn en verbondenheid. $$$$ Met haar werk nodigt ze uit tot dialoog en reikt ze een hand zonder oordeel, in de overtuiging dat we samen de storm trotseren.	0	Aan de muur...	XXXXXx		Valérie Gerard, Valri voor de kunstzinnige vrienden, is creatief therapeut, kunstenaar en gids in het KMSKA. $$$$ Na studies in grafisch vormgeving en orthopedagogie vond ze haar roeping in het begeleiden van mensen via kunst, therapie en workshops in haar atelier in het Red Lion Art House in Mortsel. $$$$ Haar tekeningen en schilderijen vormen een rode draad, met expo’s die steeds focussen op psychisch welzijn en verbondenheid. $$$$ Met haar werk nodigt ze uit tot dialoog en reikt ze een hand zonder oordeel, in de overtuiging dat we samen de storm trotseren.		valri	108	@valriarts
Vincent Lagrange	idem		3000	Aan de muur...	Touchdown		Vincent Lagrange (°1988) woont en werkt in zijn geboortestad Antwerpen, waar hij van jongs af aan werd omringd door de creatieve sfeer van zijn vader, fotograaf Marc Lagrange (1957–2015). Al vroeg ontwikkelde hij een passie voor portretfotografie en het studiowerk. $$$$ Zijn werk kreeg internationale erkenning toen in 2022 een dierenportret op de cover van National Geographic verscheen. Lagrange staat bekend om zijn nauwgezette aandacht voor detail, zijn beheersing van licht en zijn vermogen om zowel mensen als dieren in hun essentie te vatten. 		lagrange	109	@vinnilagrange
Roeland Tweelinckx	idem	Roeland Tweelinckx creëert sculpturen en site-specifieke interventies die vertrekken vanuit alledaagse objecten. In zijn werk speelt hij op subtiele wijze met de omgeving en met ons vermogen om waar te nemen. De sculpturen wekken bij de toeschouwer vaak een licht gevoel van verwarring op, maar vormen tegelijkertijd een uitnodiging om onze geconditioneerde manier van kijken te doorbreken. Het loont de moeite om de tijd te nemen bij het ervaren van zijn werk, zodat de indrukken langzaam kunnen doordringen en nog lang nazinderen. $$$$ Roeland Tweelinckx wordt vertegenwoordigd door Rik Rosseels Gallery (België) en Dialogue Gallery (Portugal).	400	Aan de muur...	Yellow Pedestrian Walk	Foto. Registratie van een interventie in Leeds (UK) in 2014. Dit is nummer 3 van een editie van 3. Dit is de laatste.	Roeland Tweelinckx creëert sculpturen en site-specifieke interventies. Met zijn werken – gebaseerd op alledaagse objecten – speelt hij op subtiele wijze met de omgeving en ons waarnemingsvermogen. Zijn werk zorgt voor een licht gevoel van verwarring bij de toeschouwer, en is tegelijkertijd een uitnodiging tot een verstoring van onze geconditioneerde manier van kijken. We raden u aan uw tijd te nemen bij het bekijken van Roeland Tweelinckx's werk, zodat het langzaam kan binnenkomen en lang kan blijven hangen. 	32 cm x 28 cm	tweelinckx	110	@roelandtweelinckx
Bob Gilissen	idem	Bob Gilissen (°1939) is al meer dan veertig jaar actief als keramist, naast zijn loopbaan als materiaalonderzoeker. Hij leerde het vak bij Dora Standaert en laat zich inspireren door kunstenaars als José Vermeersch, Herman Muys, Jan Heylen en andere vertegenwoordigers van de Vlaamse School van sculpturale keramiek.	250	Op de kast...	ONWETEND	Keramisch beeld opgebouwd uit kleilappen, vervaardigd uit Sibelco wit bakkende klei met 40% chamotte (0-2 mm). Het werk werd biscuitgebakken op 900°C, vervolgens gekleurd met koperoxide en voorzien van een wit glanzend glazuur op de ogen. Daarna opnieuw gebakken op 1050°C. Het beeld drukt het al dan niet bewuste ‘niet weten’ uit, en daarmee ook het vluchten voor verantwoordelijkheid.	Bob Gilissen (°1939) maakt beelden in keramiek. Is naast zijn beroepsloopbaan als materiaalonderzoeker al 40 jaar actief als keramist. Leerde de knepen van het vak bij Dora Standaert. Is schatplichtig aan kunstenaars als José Vermeersch, Herman Muys, Jan Heylen en vele andere die de typische Vlaamse school van sculpturale keramiek vertegenwoordigen.	hoogte 24 cm	gilissen	111	
Tom De Koninck (ROVER)	idem	Tom De Koninck is ingenieur-architect, meubelontwerper en oprichter van ROVER, een project waarin reststromen van de industrie worden hergebruikt in meubels. De methode die in het project ontwikkeld wordt, keert het ontwerpproces om. In plaats van te beginnen met een idee en dan te gaan ontwerpen en materialiseren, vertrekt dit project van wat er is. Zo wil het de perceptie van reststromen veranderen en een nieuwe functie toevoegen aan de levenscyclus van materialen.	300	Voor in huis...	Scrap chair (eerste prototype)	Dit eerste prototype van de 'SCRAP-chair' Is de allereerste versie van de stoel, gemaakt uit schroot.  De frames zijn gemaakt uit reststukken betonijzer, het zitvlak en rugsteun uit ponsresten van Haemers NV. Het prototype werd in 2023 gemaakt door Tom De Koninck zelf tijdens de opleiding VOMO in Mechelen. Ondertussen wordt deze gemaakt door een maatwerkbedrijf en zijn er al meer dan 50 stuks van verkocht.	Tom De Koninck is Ingenieur Architect, meubelontwerper en founder van ROVER, een project waarin reststromen van Industrie worden hergebruikt in Meubels. De methode die in het project ontwikkeld wordt, keert het ontwerpproces om. In plaats van te beginnen met een idee en dan te gaan ontwerpen en materialiseren, vertrekt dit project van wat er is. Zo wil het de perceptie van reststromen veranderen en een nieuwe functie toevoegen aan de levenscyclus van materialen.	80 cm x 80 cm x 80 cm	rover	112	@rover.project_
Sonic Fields &amp; Fredandfilou&hearts;	idem	Sonic Fields bouwt <i>guitar pedals</i>. Hij begon als tiener rond de start van dit millennium, maar besloot in 2018 om dit in bijberoep wat serieuzer te gaan aanpakken. Sonic Fields maak zowel kleine reeksen van eigen ontwerpen als fully custom built pedals. Nu werkt hij samen met Fredandfilou&hearts; aan een limited edition, waaronder ook deze Gaza Fuzz.	350	Voor muziekliefhebbers...	Sonic Fields Gaza Fuzz	Handbuilt fuzz pedal voor gitaristen en bassisten die een stevig scheurende rode lijn willen trekken! Gebaseerd op de oerfuzz, meerbepaald de Maestro Fuzz Tone met een eigen twist.  $$$$ In samenwerking met Fredandfilou&hearts;	Guitar pedal builder, gestart als tiener rond de start van dit millennium, sinds 2018 besloten om dit in bijberoep wat serieuzer te gaan aanpakken. Ik maak zowel kleine reeksen van eigen ontwerpen als fully custom built pedals. Nu samen met Fredandfilou&hearts; aan het werken aan een limited edition, waaronder ook onze Gaza Fuzz.	13 cm x 9,5 cm x 5 cm	sonicfields	113	@sonicfieldsaudio
Dalilla Hermans	idem		50	Aan de muur...	Free Palestine	Tweeluik tekeningen - 2021/2023 - over Palestina, haar cultuur en haar kinderen. Gehandtekende prints. 	Dalilla Hermans (°1986) is schrijver, theatermaker, trajectcoördinator, podcasthost, publiek spreker, illustrator, curator, schilder en VUB-erefellow. Eigenlijk is ze een verhalenverteller, die telkens zoekt naar de juiste vorm om een verhaal te vertellen. 	2 x A4	hermans1	114	@dalillahermans @dalilladraws
Amber Gyselings	idem	Amber Gyselings is een illustrator uit Antwerpen die in 2021 afstudeerde aan de Koninklijke Academie voor Schone Kunsten (KASK) in Gent. Haar illustraties zijn erg kleurrijk, meestal in acrylverf en met een focus op kleine banale momenten. In haar werk zet ze zich af tegen de snelheid van de huidige maatschappij. Ze maakte werk in opdracht voor onder andere Klasse Magazine, De Morgen, Knack Weekend, BOSSY Magazine en Flanders DC.	150	Aan de muur...	Zacht	Een illustratie in acrylverf en kleurpotlood. Een ode aan de zachtheid.	Amber Gyselings is een illustrator uit Antwerpen die in 2021 afstudeerde aan het KASK in Gent. Haar illustraties zijn erg kleurrijk, meestal in acrylverf en met een focus op kleine banale momenten. In haar werk zet ze zich af tegen de snelheid van de huidige maatschappij. Ze maakte werk in opdracht voor onder andere Klasse Magazine, De Morgen, Knack Weekend, BOSSY Magazine en Flanders DC.	18 cm x 22 cm	gyselings	115	@amber.gyselings
Karo Vrints	idem	Karo Vrints (°1981) bouwt met mixed media beelden die verhalen vertellen, vaak met een geëngageerde ondertoon. Kunst doet haar nadenken over het (samen)leven en de rol die zij als mens daarin speelt. Maatschappelijke thema’s zoals hoe de mens omgaat met zijn mede-aardbewoners en zijn omgeving vinden hun weg naar haar canvas of papieren vellen. $$$$ In 2018 won Karo de kunstprijs ‘Campuscrack’ aan de Universiteit Antwerpen. $$$$ Sinds 2024 laat ze haar kunst en haar liefde voor katten in elkaar vloeien. Dit jaar speelde Karo's Katertheater (storytelling met dans, opera en visuals) voor een derde keer. Karo's werken over katten reizen vanaf begin oktober rond in een expo over zwerfkatten die geopend wordt door de minister van Dierenwelzijn.	250	Aan de muur...	Zielenkijker 2	Na een jaar wroeten kwamen Karo's katten van verf tot leven. Of eerder tot een beeld van een herinnering. Ze zijn allen vertrokken naar een andere vorm, ze zijn niet meer op aarde, althans niet in de vorm hoe Karo ze kende. $$$$ De onvoorspelbaarheid van het drukken met acrylvlekken staat voor het leven. Het leven is niet zo maakbaar als we als mens willen denken. Het leven is smosserig. Deze kater kijkt recht in je ziel, of toch niet. $$$$ Acryl & aquarel op papier, drukkunst & tekenkunst.	Met beelden opgebouwd uit mixed media vertelt Karo (1981) verhalen die vaak geëngageerd zijn. Kunst doet haar nadenken over het (samen)leven en de rol die zij als mens daarin speelt. Maatschappelijke thema’s zoals hoe de mens omgaat met zijn mede-aardbewoners en zijn omgeving vinden hun weg naar haar canvas of papieren vellen. Sinds 2024 laat ze haar kunst en haar liefde voor katten in elkaar vloeien. Dit jaar speelde Karo's Katertheater (storytelling met dans, opera en visuals) voor een 3de keer en Karo's werken over katten reizen vanaf begin oktober rond in een expo over zwerfkatten die geopend wordt door de minister van Dierenwelzijn. 	20 cm x 30 cm (ingekaderd)	vrints	116	@karovrints
Pola	idem	Pola is keramiste, afgestudeerd aan de Academie Arendonk in 2000. $$$$ Voor deze veiling schenkt zij een unieke set vazen die haar vakmanschap en passie voor keramiek weerspiegelen.	0	Op de kast...	Untitled	Groep vazen in keramiek	Keramiste ,academie Arendonk,afgestudeerd in 2000,	50 cm x 7 cm	pola	117	
Katie Tomlinson	idem	Katie Tomlinson is een illustrator en beeldend kunstenaar wiens werk zich uitstrekt over redactie, mode, uitgeverij en branding. In de afgelopen tien jaar heeft ze een eigen visuele taal ontwikkeld en samengewerkt met klanten als Quarto Books, Sabato Magazine, Knack Weekend, Dr. Martens, Eat Dust, Ethnicraft en ESSENTIEL Antwerp. $$$$ De laatste tijd is haar focus verschoven. Tijdens een recente artist-in-residence-periode bij Rancho dos Bravos in Portugal stapte ze weg van schermen en briefings om zich te verdiepen in muurschilderingen, assemblages en locatiespecifiek werk. Dit betekende een terugkeer naar een langzamere, meer intuïtieve manier van werken, gedreven door de plek, het proces en de fysieke handeling van het creëren. Katie breidt haar praktijk momenteel uit met nieuwe materialen, schalen en een diepere verbinding met de omgevingen waarin ze werkt.	60	Aan de muur...	Come closer 	Giclée print - beperkte oplage	Katie Tomlinson is an illustrator and visual artist whose work spans editorial, fashion, publishing, and branding. Over the past decade, she’s built a distinct visual language and collaborated with clients like Quarto Books, Sabato Magazine, Knack Weekend, Dr. Martens, Eat Dust, Ethnicraft, and ESSENTIEL Antwerp. Lately, her focus has been shifting. During a recent artist residency at Rancho dos Bravos in Portugal, she stepped away from screens and briefs to explore murals, assemblage, and site-specific work. It marked a return to slower, more intuitive ways of making—driven by place, process, and the physical act of creating. Katie is currently expanding her practice to include new materials, scales, and a deeper connection to the environments she works in. 	21 cm x 29,7 cm	tomlinson	118	@ktillustration
Sophie Peelman	idem	Sophie Peelman is een Belgische kunstenares en ontwerpster die haar eigenzinnige pad verkiest boven de rechte weg. Nog voor haar studie architectuur ontwikkelde ze al een scherp oog voor mensen, fauna en flora, woningen, meubels en decoraties. Deze waarnemingen groeiden uit tot een manier om zintuigen en associaties als betrouwbare instrumenten te gebruiken in haar creatieve proces. Zowel in twee- als driedimensionale werken schept ze zo haar eigen werelden, waarin gevoel en vorm samenkomen. Haar werk getuigt van een speelse gevoeligheid die tegelijk intuïtief en doordacht is.	70	Aan de muur...	Fragility	Studie van zachte tulpenblaadjes. Acryl op papier, afgedrukt.	She'd rather take the scenic route in life. Even before studying architecture, the tendency to feel and observe fellow humans, fauna & flora, architecture, homes, furniture en decorations shaped how she use senses and associations as trustworthy tools to create het own world(s), 3D or 2D. 	40 cm x 30 cm	peelman	119	@peelvrouw
Celina Vleugels	idem	Celina Vleugels vertaalt haar verbeelding in intieme tekeningen en textielwerken die onze zintuigen prikkelen. De tedere structuur van de textielinstallaties, die ontstaan ​​uit draad, textiel, verf, handborduurwerk, vilt en gerecycled materiaal, biedt troost. In tegenstelling tot het zachte materiaal behandelt Celina Vleugels in haar werk juist moeilijke thema's: hoe gaan we om met het verlies van een dierbare? Moeten we onszelf beschermen? Ben ik echt mezelf? Het gewicht van deze zorgen, vergeleken met de lichte materialen, zorgt voor zowel tegenstrijdigheid als complementariteit.	80	Aan de muur...	Papaver Fields and Nostalgic Dreams	Een Artist Print versie van een risoprint. Deze risoprint is gebaseerd op een collage van een olie-pasteltekening en een filmpje van mijn mama die papavers plukt op een zonnige zomerdag. 	Celina Vleugels vertaalt haar verbeelding in intieme tekeningen en textielwerken die onze zintuigen prikkelen. De tedere structuur van de textielinstallaties, die ontstaan ​​uit draad, textiel, verf, handborduurwerk, vilt en gerecycled materiaal, biedt troost. In tegenstelling tot het zachte materiaal behandelt Celina Vleugels in haar werk juist moeilijke thema's: hoe gaan we om met het verlies van een dierbare? Moeten we onszelf beschermen? Ben ik echt mezelf? Het gewicht van deze zorgen, vergeleken met de lichte materialen, zorgt voor zowel tegenstrijdigheid als complementariteit.  	33 cm x 43,5 cm	vleugels	120	@celinavleugels
MRBEE	idem	De bij van MRBEE is meer dan een beeld: het is een gedachte, een verhaal, een uitnodiging om verder te kijken. Zijn illustraties zijn toegankelijk en direct, maar dragen altijd een symboliek die de toeschouwer uitdaagt om voorbij het oppervlak te gaan. $$$$ Elk werk ontstaat vanuit een plek, een aanleiding of een overtuiging. Het is nooit louter decoratief, maar verbonden met de context waarvoor het tot stand kwam. $$$$ Of de bij nu verschijnt op doek of op een muur, ze draagt steeds een boodschap uit. Zoals een bij bloemen bestuift, zo verspreidt MRBEE ideeën en emoties – en herinnert hij ons aan de bestemming van ons eigen leven.	200	Aan de muur...	Ronce de Thozée (juli 2024)	Gravure op plexiglas, gedrukt op <i>simili japon</i> papier, in 5 exemplaren.  $$$$ Dit exemplaar is de allereerste gravure die werd gemaakt tijdens een graveerstage in Château de Thozée, een residentie van de kunstenaar Félicien Rops. De tuinen van het landgoed zijn een oase van rust, waar de bramen tot leven worden gebracht door de vrijwillige tuinman. $$$$ De braam is een symbool van bescherming en regeneratie.	The representation of MRBEE's Bee is food for thought. It is presented in such a way as to tell a story, to raise awareness or to arouse emotion. If he takes "illustration" as a means to be understood by everyone, he also uses symbolism to make the spectator look... beyond the image.  Each work produced is linked to the place or the cause for which it was created.  And, whether the Bee illustration uses a more traditional support or a wall, it "pollinates" a message. Its destiny brings us back to our own life... 	40 cm x 50 cm	mrbee	121	@mrbeebzzz
Wouter Steel	idem		800	Aan de muur...	Eruption	Dit is een gelimiteerd 6-luik van het schilderij Eruption uit 2020. Eruoption is een olieverf schilderij gemaakt over en tijdens de corona-periode. Het werk is tevens een hommage aan Pieter Brueghel.	Wouter Steel (°1974) is een Belgische olieverfschilder die klassieke academische technieken verbindt met hedendaagse thematiek. Zijn werk is geworteld in de traditie van meesters als Bouguereau en Rubens, maar krijgt een actuele lading door onderwerpen die raken aan identiteit, representatie en de zoektocht naar menselijke waardigheid in onze tijd. $$$$ Door een gelaagde mix van grisaille, imprimatura en transparante glacis combineert Steel de precisie van het verleden met de gevoeligheid van vandaag. Hij schildert lichamen en draperieën die niet alleen schoonheid oproepen, maar ook vragen stellen: hoe kijken wij nu naar de mens, naar diversiteit, naar kwetsbaarheid en kracht? $$$$ Zo ontstaat een oeuvre waarin traditie en vernieuwing elkaar versterken – een schilderkunst die tegelijk tijdloos én eigentijds spreekt.	6 luik	steel	122	@woutersteel
Bob Mertens	idem	Bob Mertens is beeldend kunstenaar. Reeds 25 jaar maakt hij werken met recuperatiematerialen. Steeds met een achterliggend verhaal of een kwinkslag.	1200	Aan de muur...	50/50 war- no winner no loser	Glazen flesjes gespoten in goudkleur (winsten die  gemaakt worden door oorlog) op een mdf-plaat	Ik ben reeds 25 jaar bezig werken te maken met recuperatie materialen. Wel met een achterliggend verhaal of een kwinkslag. Zie website www.bobmertens.be	90 cm x 90 cm	mertens	123	
Tom Van der Borght	idem	Tom Van der Borght (°1978) is een modeontwerper en kunstenaar die bekend staat om zijn kleurrijke, compromisloze visie. Zijn werk bevindt zich op het snijvlak van mode, performance en beeldende kunst en daagt voortdurend ideeën over schoonheid, identiteit en het lichaam uit. Geleid door zijn mantra ‘more is more’ creëert hij opvallende stukken van onverwachte materialen. Zijn meeslepende universum brengt AI, duurzaamheid en vakmanschap samen. $$$$ Van der Borght werkt zowel autonoom als in samenwerking met partners zoals Mercedes-Benz, Chanel en David Byrne. Sinds zijn prijs op het Hyères Festival in 2020 heeft hij een innovatief artistiek pad uitgestippeld, waarbij hij de mode voortdurend opnieuw uitvindt.	1250	Aan de muur...	MY TRIBE 2055 // Soren 	MY TRIBE 2055 van Tom Van der Borght stelt zich een toekomst voor waarin identiteit fluïde, grenzeloos en inclusief is. Deze eerste digitale modecollectie bestaat uit 42 door AI gegenereerde lookbookportretten die de traditionele normen van schoonheid en representatie uitdagen. $$$$ Elk portret legt een uniek gezicht vast en vormt zo een nieuwe ‘stam’ die ras, geslacht, leeftijd en lichaamsbouw overstijgt, diversiteit viert en een beeld schetst van mensen die misschien nog niet bestaan. $$$$ De werken zijn gedrukt op geborsteld aluminium en zijn het resultaat van een dialoog tussen menselijke creativiteit en machine-intelligentie. De originele digitale bestanden worden na verkoop permanent gewist, waardoor elk stuk een uniek, onherhaalbaar artefact van deze visionaire wereld is.	Tom Van der Borght is a fashion designer and artist known for his colorful, uncompromising vision. His work sits at the intersection of fashion, performance, and visual art, constantly challenging ideas of beauty, identity, and the body. Guided by his mantra more is more, he creates striking pieces from unexpected materials—from recycled climbing ropes to 3D spacer mesh. His immersive universe brings together AI, sustainability, and craftsmanship. His work has been presented at Art Paris, the Barbican in London, and the World Exhibition in Osaka. Working independently and with partners like Mercedes-Benz, Chanel, and Alexander Vantournhout, he has been shaping an innovative artistic path since his 2020 Hyères Festival award, continually reinventing fashion.	Digital collection, printed on brushed aluminum, 30 cm x 60 cm 	vanderborght	124	@tomvanderborght_official
Hans Op de Beeck	idem	De multi-disciplinaire kunstenaar Hans Op de Beeck (°1969) is een maker van fictieve, parallelle werelden. Laverend tussen verleden en toekomst, fictie en realiteit tasten zijn werken een zinsbegoochelend hedendaags universum af. Zijn werk is als een zintuiglijke duizeling waarin het vertrouwde en het alledaagse kantelen naar  de verwondering en de bevreemding. Van monumentale installaties tot beeldhouwwerk, van videofilms en fotografie tot animatiefilms, van het schrijven van kortverhalen tot het maken van schilderijen en tekeningen; Op de Beeck zet alle media in om ons een mentaal theater te bieden. Hij biedt reflectieve, sociale en culturele ervaringen als een stille, poëtische weging van ons mens-zijn.	12000	Aan de muur...	Staged Exterior (Forest)	Een fotowerk van een in het atelier op schaal geënsceneerd landschap. $$$$ De koper ontvangt ook een gesigneerde catalogus van de laatste tentoonstelling van Op de Beeck in het KMSKA en een uitnodiging voor een bezoek aan de studio van de kunstenaar.	Hans Op de Beeck (BE) produces large installations, sculptures, films, drawings, paintings, photographs and texts. His work is a reflection on our complex society and the universal questions of meaning and mortality that resonate within it. He regards man as a being who stages the world around him in a tragi-comic way. Above all, Op de Beeck is keen to stimulate the viewers’ senses, and invite them to really experience the image. He seeks to create a form of visual fiction that delivers a moment of wonder and silence. 	100 cm x 75 cm	opdebeeck	125	@hans_op_de_beeck
Dinie van den Heuvel	idem	Dinie van den Heuvel (°1981) is al meer dan twintig jaar actief in mode en duurzaamheid. Ze werkte voor internationale modehuizen en is co-founder van Infantium Victoria, een bekroond biologisch en vegan kinderkledingmerk. Dinie is gespecialiseerd in ontwerp en duurzaamheidsstrategie, met een sterke focus op zero-waste design. Daarnaast is zij auteur van Sew What: How to Design Sustainable Fashion en docent aan modeacademies in Genève, Parijs en Ahmedabad.	150	Om te dragen...	Little Miss Equality	Voor diegene die de poëzie van de  Universele Verklaring van de Rechten van de Mens willen uitdragen, een feestelijke herinnering dat alle kinderen mogen dromen en groeien en alles kunnen worden waar ze hun zinnen op zetten.  $$$$ Bio katoenen jurk, met custom made print, in maat 128. Piece Unique.  $$$$ De jurk is onderdeel van een unieke collectie, gemaakt speciaal voor Fashion 4 Development, een event in New York City, als onderdeel van de United Nations General Assembly. Ze is voor het eerst getoond op 23 september 2025.	Ik ben al +20 jaar werkzaam in mode en duurzaamheid, werk voor grote en hele grote modehuizen in het buitenland en ben co-founder van het kindermerk Infantium Victoria, een award winning bio, vegan kleding lijn. Zowel het ontwerp als onze duurzaamheidsstrategie zijn mijn domein. Sinds 6 jaar spelen we op vele manieren met het ontwerp Zero-Waste. Als auteur van "Sew What: How to Design Sustainable Fashion" probeer ik de volgende generatie te inspireren om voor een gelijke en duurzame wereld te ontwerpen. Als docent verbonden aan modeacademies in Geneva, Parijs en Ahmedabad.  	100 cm lang | voor een 8-jarige	dinie	126	@dinievdh
Michael Fikaris	idem	Michael Fikaris is een Australisch kunstenaar, geboren in Melbourne en opgegroeid in Noord-Queensland, met Griekse en Oekraïense roots. Zijn werk verkent thema’s als natuur, moderniteit en identiteit, en beweegt zich tussen illustratie, prentkunst en schilderkunst. In 2010 richtte hij Silent Army Projects op, waarmee hij gemeenschapskunst en onafhankelijke publicaties stimuleert. Voor zijn inzet voor de Australische stripcultuur ontving hij onder meer de prestigieuze Platinum Ledger Award in 2017. Zijn werk is opgenomen in collecties van onder andere de National Gallery of Victoria en de National Gallery of Australia.	50	Aan de muur...	Checking In	Dit zijn 9 stuks van de volledige set die oorspronkelijk uit 24 stuks bestond. De werken zijn gemaakt tijdens zijn residentie en expositie bij Bries in 2024. 			fikaris	127	@fikaris_art
Anneke Boere	idem	Anneke Boere (°1954) is geboren in Nederland en woont nu in Borgerhout. Verwondering is haar beste vriend. Ze was altijd al geboeid door tekenen en schilderen, maar is er pas de laatste twaalf jaar actief ingedoken. Ze ontwikkelde haar eigen taal door uitgebreid onderzoek naar materiaalgebruik in allerlei combinaties. Haar taal zet in lijn, kleur en vorm haar verwondering weer. Ze verdwaalt telkens op het doek, en zet kleuren tegen elkaar.  $$$$ De laatste jaren volgde ze op de academie in Borsbeek de richting Levend Model. Daar is haar onderzoek naar taal bestendiger geworden. Ze werkt aan de weg waar ze enerzijds het anatomisch “juiste” neerzet, en tegelijk daar ook vanaf dwaalt, op zoek en met verwondering.	90	Aan de muur...	Zittend naakt	Ik kan me laten raken door meer dan alleen de pose van een model. Bij dit werk was het de eenzaamheid, het in zichzelf gekeerd zijn. Het is gemaakt in carbontechniek. Een met drukinkt ingerold stuk papier wordt tussen twee vellen gelegd. Op het bovenste wordt getekend, waarbij er via het ingeïnkte papier een afdruk gemaakt wordt. Ik hou van deze techniek omdat enerzijds donkere contouren, maar ook korrelige structuren ontstaan door de wrijving tussen de vellen papier.		30 cm x 40 cm (ingekaderd)	aboere	128	@boereanneke
Tim Sake	idem	Tim Sake is een in Rotterdam gevestigde illustrator, schilder en grafisch ontwerper wiens werk een mix is van strips, typografie, graffiti en bordenschilderkunst. In zijn persoonlijke praktijk transformeert hij krabbels tot gelaagde, magische beelden die vreemde, komische verhalen vertellen. Sinds 2015 heeft hij zich gespecialiseerd in bordenschilderkunst en in 2020 was hij mede-oprichter van Rotterdam Signpainters, dat levendige, handgeschilderde borden en muurschilderingen maakt. Hij maakt ook deel uit van Lastplak, het oudste straatkunstcollectief van Rotterdam.	100	Aan de muur...	Winter	Duo-tone screenprint 	Tim Sake is a Rotterdam-based illustrator, painter, and graphic designer whose work blends comics, typography, graffiti, and sign painting. In his personal practice, he transforms doodles into layered, magical images that tell strange, comical stories. Since 2015, he has specialized in sign painting, and in 2020 co-founded Rotterdam Signpainters, creating vibrant, hand-painted signs and murals. He is also part of Lastplak, Rotterdam’s oldest street art collective.	50 cm x 40 cm	braakman	129	@tim_sake_lastplak
Bert Lezy	idem	Bert Lezy is tekenaar, graficus, schilder, performer, striptekenaar en videomaker. Hij heeft een programma op Radio Centraal. De speeltijd is nooit voorbij. Verbeelding en improvisatie koppelt hij aan ambachtelijke teken- en druktechnieken.	250	Aan de muur...	Het Petroleolithicum	Het Petroleolithicum is een linosnede in kleur. Het ingediende werk is deel van een variabele editie volgens de reductiemethode. Twee lino's zijn telkens verder uitgesneden en in verschillende kleurcombinaties handmatig over elkaar gedrukt. De zwarte tekening is laatst gedrukt en is bij de hele editie hetzelfde. Zijn we in het geologische tijdperk petroleolihicum aanbeland met onze schadelijke oliehonger?	Bert Lezy is tekenaar, graficus, schilder, performer, striptekenaar, videomaker, heeft een programma op Radio Centraal. De speeltijd is nooit voorbij. Verbeelding en improvisatie koppelt hij aan ambachtelijke teken- en druktechnieken.	70 cm x 60 cm ingelijst (papier zelf is 65 cm x 50 cm)	lezy	130	@bertlezy
Nel Maertens	idem	Nel Maertens (°1996) woont en werkt in Antwerpen. Ze onderzoekt kleur, materiaal, schrift en energie in haar multidisciplinaire praktijk. Nel studeerde in 2019 af als Master in Mode aan de Koninklijke Academie voor Schone Kunsten in Antwerpen. Naast projecten in de toegepaste kunst (textiel en kostuumontwerp) richt Maertens zich op een autonome beeldende kunstpraktijk.  $$$$ Nel nam deel aan tentoonstellingen en projecten in België en in het buitenland. In 2021 cureerde Charlotte Crevits een eerste solotentoonstelling van haar werk in CC Strombeek. Dit werd gevolgd door verschillende residenties en samenwerkingen met onder andere het KMSKA, ModeMuseum Antwerpen, Europalia Georgia, Het Rubenshuis, Platform K en choreografe Femke Gyselinck, Art On Paper, Wouters & Hendrix, Flanders DC Antwerpen, Border Buda, Muziektheater Transparant en Zonzo Compagnie.	250	Aan de muur...	Untitled	Gouache op papier, 2022	Nel Maertens (1996°, lives and works in Antwerp) explores color, material, writing, and energy in her multidisciplinary practice. Nel graduated in 2019 as a master in fashion at the Royal Academy of Fine Arts Antwerp. Besides projects in applied art (Textiles and costume design), Maertens focuses on an autonomous fine art practice.   Nel participated in exhibitions and projects in Belgium and abroad, in 2021 Charlotte Crevits curated a first solo exhibition of her work at CC Strombeek. This was followed by several residencies and collaborations with, among others, KMSKA, ModeMuseum Antwerpen, Europalia Georgia, Het Rubenshuis, Platform K and choreographer Femke Gyselinck, Art On Paper, Wouters &Hendrix, Flanders DC Antwerp, Border Buda, Muziektheater Transparant and Zonzo Compagnie.	29,7 cm x 42 cm	maertens	131	@nelmaertens
Oscar Spierenburg	idem	Oscar Spierenburg (°1981) komt uit een kunstenaarsfamilie. Zowel zijn grootvader, als zijn vader en broer zijn gerenommeerde kunstenaars. Sinds 2006 woont en werkt hij in Antwerpen, waar hij ook Galerie Picoux runt. $$$$ Zijn stadsgezichten en landschappen hebben vaak een oude auto of tram als onderwerp. Hij gebruikt de vergelijking vaak van een ‘stilleven op straat’, waarbij het motief gericht is op licht en sfeer. Zijn werken kenmerken zich door grote schaduwen en lichtvlakken, een vastberaden toets en subtiel kleurenpalet.	250	Aan de muur...	Voorstudie voor ‘Rue des Blancs Manteaux’	Zeefdruk van een voorstudie voor het schilderij ‘Rue des Blancs Manteaux’.	Oscar Spierenburg komt uit een kunstenaarsfamilie. Zijn grootvader, als zijn vader en broer zijn gerenommeerde kunstenaars. Sinds 2006 woont en werkt hij in Antwerpen, waar hij ook Galerie Picoux runt. Zijn stadsgezichten en landschappen hebben vaak een oude auto of tram als onderwerp. Hij gebruikt de vergelijking vaak van een 'stilleven op straat', waarbij het motief gericht is op licht en sfeer. Zijn werken kenmerken zich door grote schaduwen en lichtvlakken, een vastberaden toets en subtiel kleurenpalet.	50 cm x 70 cm	spierenburg	132	@oscarspierenburg
Burry Buermans	idem		500	Aan de muur...	‘O’ Mickey!	Print op geborsteld aluminium naar analoge papiercollage met afbeeldingen uit origineel exemplaar van L'histoire d'O (Crepax 1974). 	Burry Buermans (*1982) is een Belgische kunstenaar die al jaren in Portugal woont en werkt. Zijn oeuvre staat bekend om het verfijnde detail en het spel tussen contrast en inhoud, waarbij precisie en betekenis hand in hand gaan. Hij werkt bijna uitsluitend met oude gerecycleerde materialen en symbolische vormen die een brug slaan tussen verleden en heden. Zijn installaties en sculpturen werden getoond in België, Portugal en Macau, Amsterdam, en onderscheiden zich door hun minutieuze, ambachtelijke uitwerking.	70 cm x 100 cm	buermans	133	@burry_buermans
Harmke Antonissen	idem		650	Aan de muur...	If love remains	Voor dit werk, gemaakt ten voordele van Gaza, wil Harmke Antonissen de universele kracht van hoop en moederliefde onderstrepen, te midden van vernietiging en vlucht. Een oproep voor zachtheid. Een oproep om te blijven geloven in liefde als bron van veerkracht en menselijkheid.  $$$$ Believing in love as a source of resilience and humanity.	Harmke Antonissen (°1977) is een Belgische kunstenares die de schoonheid en kwetsbaarheid van liefde onderzoekt. Met inkt en gemengde technieken creeert ze intieme beelden vol stilte, nabijheid en kwetsbaarheid. Haar werk nodigt uit tot reflectie en verbondenheid. Ze heeft haar eigen galerij op de Vrijdagmarkt 13 in Antwerpen.  $$$$ <i>Love is in everything. Skin to skin touching. A cup of coffee. Staring over the green fields. Love is in the silence and in the noise. Love is in the longing for love. It's in our dreams. Love is in intimacy. Between you and the other, or with yourself. Love is in a tear, a smile or in a moan. Love is in everything.</i> $$$$ <i>And I'm born for love.</i> 	60 cm x 80 cm (incl. kader)	antonissen	134	@harmkeantonissen
Mario Goossens (Triggerfinger) en Nathalie Sternotte	idem	Dit boek is een samenwerking tussen Mario Goossens en Nathalie Sternotte.  $$$$ Mario is een muzikaal multitalent, vooral bekend als drummer van Triggerfinger en als vaste waarde bij onder meer Bazart, Hooverphonic en Monza. Een Limburgse vijftiger die de wereld rond trok en overal klank en ritme vond.  $$$$ Nathalie is graficus met een frisse, eigenzinnige blik: ze zoekt geen standaardoplossingen. Haar creativiteit zit vaak in de uitvoering—precies, tactiel, doordacht—maar gaat moeiteloos hand in hand met sterke beeldvorming.	50	Voor muziekliefhebbers...	Detailed drumlines	Detailed drumlines is een creative benadering van een klassiek drumboek. Niet enkel de inhoud maar vooral de vormgeving telt. Elk nummer heeft zijn eigen verhaal, elk verhaal heeft zijn eigen visuele voorstelling. Het is geen drumboek maar een doosje met waardepapieren. Aan jou om het esthetisch of praktisch te gebruiken.	Dit boek is een samenwerking tussen Mario Goossens en Nathalie Sternotte. Mario is een muzikaal multitalent, vooral bekend als drummer van Triggerfinger en als vaste waarde bij onder meer Bazart, Hooverphonic en Monza. Een Limburgse vijftiger die de wereld rondtrok en overal klank en ritme vond. Nathalie is graficus met een frisse, eigenzinnige blik: ze zoekt geen standaardoplossingen. Haar creativiteit zit vaak in de uitvoering—precies, tactiel, doordacht—maar gaat moeiteloos hand in hand met sterke beeldvorming.	25 cm x 35 cm	mgoossens1	135	@triggerfingerofficial
Axelle Vertommen	idem		150	Voor in huis...	Ziggy	Ziggy is een grafische kapstok met een opvallende, getrapte vorm. Het ontwerp is uitgevoerd in gepoedercoat staal en combineert functionaliteit met speelse lijnen. Met 16 haken biedt Ziggy meer dan genoeg plaats voor jassen, tassen en accessoires.	Axelle Vertommen is interieurarchitect en meubelontwerper uit Antwerpen. In haar werk staat de zoektocht naar detail en contrast centraal. Zorgvuldig gekozen kleuren en materialen krijgen een functionele vorm die telkens verrast. Inspiratie haalt ze zowel uit alledaagse objecten als uit de rijke beeldtaal van moderne en postmoderne architectuur.	49 cm x 12 cm x 7 cm	vertommen	136	@axellevertommen
Goedele Peeters	idem	Goedele Peeters (°1960) is een Belgische kunstenares gespecialiseerd in grafiek en tekenkunst. Ze volgde haar opleiding aan het Instituut voor Kunst Sint-Maria in Antwerpen (1978–1982) en behaalde nadien een master in grafiek aan het Nationaal Hoger Instituut van de Koninklijke Academie voor Schone Kunsten in Antwerpen (1982–1985). $$$$ Naast haar artistieke praktijk is zij docent grafiek en tekenen aan de Stedelijke Academie voor Beeldende Kunsten in Kontich en aan de Academies van Merksem en Berchem in Antwerpen.	0	Aan de muur...	Schaal in Rood	Tijdens een verblijf in Milaan ontdekte ik dit schaaltje in een museum. Ik heb het geïsoleerd en uit zijn oorspronkelijke omgeving ontrokken. Het schaaltje krijgt daardoor een eigen betekenis, door de toeschouwer zelf in te vullen. Met betrekking tot Gaza en de rode lijn die we moeten trekken, heeft dit schaaltje een krachtige boodschap tegen grenzenloos geweld, oorlogsmisdaden en misdaden tegen de menselijkheid, het overloos bloedvergieten, het vernietigen van een volk...			peeters	137	
Annkatrien (AKM)	idem		50	Aan de muur...	It's time	Keramische wandklok. Handgemaakt uit donkere klei, glazuur in aardse tinten en contrasterende structuren. Het stuk combineert functionaliteit met een sculpturaal karakter en brengt zo zowel gebruikswaarde als esthetiek in de ruimte.	Keramiek by AKM is het solomerk van Ann-Katrien Malaise. Elk stuk ontstaat in een zorgvuldig en traag proces, met aandacht voor duurzaamheid en zero waste. Haar werk wordt gedreven door de drang om te creëren en door de ambitie om functionele objecten esthetisch te laten uitstijgen boven hun gebruikswaarde.	Diameter 25 cm	akm	138	@keramiek_by_akm
Axel Daeseleire	idem	Axel Daeseleire is stichtend lid van Belgisch kunstenaarscollectief ADAMAVA in 1993. ADAMAVA is een acroniem samengesteld uit de eerste letters van de familienamen van de oprichters; Jurgen Addiers, Axel DAeseleire, †Donald MAdder, Adriaan VAn Looy. $$$$ Ze deden meer dan 50 expo's in groep en individueel, waarvan een vijftal buiten België.	300	Aan de muur...	Papi in tears	Mijn hong (papi) is voor mij de dichtste benadering van een kind...  Ik beeld hem af in tranen...  U weet zelf waarom...	Stichtend lid van Belgisch kunstenaarscollectief ADAMAVA in 1993. ADAMAVA is een acroniem samengesteld uit de eerste letters van de familienamen van de oprichters; Jurgen Addiers, Axel DAeseleire, †Donald MAdder, Adriaan VAn Looy. Ze deden meer dan 50 expo's in groep en individueel, waarvan een vijftal buiten België. 	60 cm x 40 cm	opgevraagd	139	
Echo Shawna	idem		0	Om te dragen...	xxxxxx		Echo Shawna is het passieproject van Deborah Bloemen. Met haar juwelen van objets trouvés tilt ze upcycling naar een hoger niveau en bewandelt ze de slappe koord tussen high end en kitsch.		OPGEVRAAGD	139	@echoshawna_official
Annelies Vanhaverbeke	idem	Annelies Vanhaverbeke (°1980) woont en werkt in Antwerpen. In 2003 studeerde zij af als meester in de Beeldhouwkunst aan de Koninklijke Academie voor Schone Kunsten in Antwerpen. Aansluitend behaalde ze een postgraduaat Autonome Beeldende Kunst aan de Akademie voor Kunst en Vormgeving/St. Joost in Breda (Nederland). Sindsdien is zij actief als beeldend kunstenaar in haar atelier en neemt zij deel aan tentoonstellingen in zowel binnen- als buitenland. Daarnaast is zij verbonden aan de Kunsthumaniora in Antwerpen, waar zij lesgeeft in waarnemingstekenen en tekenen naar naaktmodel.	330	Aan de muur...	Eyes closed (2021) 	Olieverf op doek. Dit werk was onderdeel van de tentoonstelling <i>Reach out of reach</i>: Reach out for something or someone that is out of reach. (2022 in Antwerpen). Het is gebaseerd op een foto van Man Ray en past in een reeks met Eyes open (2021) en Blanche et Adam (2021).	Zie vorige!	40 cm x 30 cm	vanhaverbeke2	140	@vanhaverbekeannelies
Odette Berghmans	idem	Odette Berghmans (°1962) maakt voornamelijk olieverfschilderijen die ze bewerkt met naald en draad. Recent heeft ze het tekenen opnieuw opgepakt, waarbij ze speciale aandacht heeft voor het fragiele en tactiele van bloemen. Haar creatieve pad bouwt voort op een oorspronkelijke passie voor textiel, het sensuele en een diepe bewondering voor oude meesters zoals Van Dyck, Caravaggio en vele anderen. Deze kunstenaars, meesters in het weergeven van stoffen en de menselijke huid, inspireren ook Berghmans in haar eigen werk. $$$$ Met groot respect voor traditie en vakmanschap gebruikt ze klassieke technieken zoals clair-obscur en glacis. Wanneer een schilderij daarom vraagt, voegt ze er bovendien een subtiel stukje borduurwerk aan toe. Of ze nu handen, bloemen of de plooien van een jurk vastlegt, de diepste laag van haar werk is steeds een ode aan het leven – en leven is, voor Berghmans, synoniem aan vergankelijkheid.	400	Aan de muur...	Wilted Flower, nr 2	Odette Berghmans tekent en schildert verwelkte bloemen als metafoor voor kwetsbaarheid en vergankelijkheid. De delicate textuur van de bloemen doet haar denken aan de menselijke huid.	Odette maakt momenteel voornamelijk olieverfschilderijen die ze bewerkt met naald en draad. Het tekenen heeft ze recent terug opgenomen. Haar inspiratie begon vanuit een passie voor textiel,  het sensuele en een diepe bewondering voor oude meesters zoals Van Dyck, Caravaggio en zoveel anderen. Zij waren meesters in het schilderen van stoffen en de menselijke huid, thema’s die ook bij Berghmans terugkomen. Zij heeft groot respect voor traditie en stielkennis. In haar werk gebruikt ze technieken van weleer, zoals clair-obscur en glacis, maar als een schilderij daarom vraagt, maakt ze het af met een stukje borduurwerk. Of ze nu handen schildert, bloemen of de plooien van een jurk, de diepste laag in Berghmans’ werk is een ode aan het leven. En leven is een ander woord voor vergankelijkheid.	20 x 20 cm	berghmans	141	@odetteberghmanspaintings
Portus  Ojomo	idem	Portus Ojomo (°1952, Nigeria) studeerde aan de Koninklijke Academie voor Schone Kunsten in Antwerpen en aan het Instituto Allende in Mexico. Als schilder en beeldhouwer ontwikkelde hij een praktijk die zich richt op monumentale kunst, geworteld in de westerse kunstgeschiedenis maar gevoed door Afrikaanse tradities. $$$$ Hij zoekt in zijn werk naar een dialoog tussen beide werelden: de formele waarden van de Europese kunst en de vitaliteit en spiritualiteit van de Afrikaanse beeldtaal. Deze kruisbestuiving resulteert in krachtige, expressieve beelden met een sterke culturele gelaagdheid. $$$$ Ojomo ontving in 2010 de Emile Vandevelde-prijs voor creativiteit. Zijn werk maakt deel uit van zowel publieke als private collecties in België en daarbuiten.	750	Aan de muur...	Debris - Global Warming	"Debris" (2015) is een krachtige abstractie die de turbulentie van klimaatverandering, fragmentatie, kleur en energie in beweging weergeeft. Het is een intense meditatie over de nasleep van ecologische ontwrichting. Lagen van karmozijnrood, aardetinten en opwindend blauw botsen in een stortvloed van beweging, die zowel chaos als veerkracht oproept. $$$$ Het werk maakt deel uit van mijn doorlopende Global Warming Series, die de impact van de mensheid op de planeet onderzoekt door middel van gedurfde abstractie en rauwe emotionele energie. $$$$ Debris spreekt tot ons collectieve heden en onze onzekere toekomst, waardoor het zowel een actuele als tijdloze aanvulling is op elke hedendaagse collectie.	Portus Ojomo is born in 1952 in Nigeria. Studied at the Royal Academy of Fine Arts in Antwerp, Belgium and at the Instituto Allende - Mexico. Painter and Sculptor of monumental arts. His training was based on the values of western ( mainly European ) history and tradition in art. A contemporary artist who evolved and intermingled the African art tradition with the dominant western culture in arts. Awarded the Instituut Emile Vandevelde prize for creativity in 2010. Works in the collections of official and private entities in Belgium and abroad. 	60 cm x 60 cm	ojomo	142	@artojomo
Jordy Arthur	idem	Jordy Arthur is een Belgische mode-ontwerper en content creator. Zijn werk is een onderzoek naar een andere manier om "modeontwerper" te zijn. Zo stelt hij de klassieke verdienmodellen in vraag maar ook de overmatige productie en het constante gebruik van nieuwe materialen. Hij deelt zijn processen en werk online op verschillende platformen met intussen meer dan een half miljoen mensen die mee volgen. 	175	Om te dragen...	Cherry red ruffled bag	Cherry red ruffled bag. Gemaakt van overstock tulle stof op een katoenen basis. Volledig geproduceerd in België. 	Jordy Arthur is een Belgische mode ontwerper en content creator. Zijn werk is een onderzoek naar andere manier om "modeontwerper" te zijn. Zo stelt hij de klassieke verdienmodellen in vraag maar ook de overmatige productie en het constante gebruik van nieuwe materialen. Hij deelt zijn processen en werk online op verschillende platformen met intussen meer dan een half miljoen mensen die mee volgen. 	28 cm x 13 cm x 15 cm 	jordyarthur1	143	@jordyarthur_
Anna Rosa Moschouti (AR.M)	idem	Anna Rosa Moschouti is een onwerpster geboren in Griekenland en opgegroeid in Nederland. Haar reis van architectuur naar sieraden weerspiegelt haar passie om met haar eigen handen schoonheid te creëren. Geleid door haar architecturale achtergrond, maakt ze moderne, minimalistische stukken met strakke lijnen en een tijdloze uitstraling. Niet gedreven door ondernemerschap, maar door de droom om een team op te bouwen en schoonheid te delen, richtte Anna Rosa AR.M op om sieraden te ontwerpen die persoonlijk en duurzaam zijn en diep verbonden met de meest betekenisvolle momenten in het leven.	380	Om te dragen...	Sculptural Goldplated Necklace 	Deze sculpturale ketting in beperkte oplage is vervaardigd uit massief sterling zilver en verguld met 18 karaats goud voor een rijke gouden afwerking. Het vloeiende silhouet buigt zachtjes rond de halslijn en creëert een modern en toch tijdloos statement.	Anna Rosa Moschouti is a Greek-born, Dutch-raised designer whose journey from architecture to jewelry reflects her passion for creating beauty with her own hands. Guided by her architectural background, she crafts modern, minimalist pieces with clean lines and timeless appeal. Driven not by entrepreneurship but by the dream of building a team and sharing beauty, Anna Rosa founded AR.M to design jewelry that feels personal, enduring, and deeply connected to life’s most meaningful moments.	30 cm x 20 cm	arm	144	@annarosamoschouti
Kris Strybos	idem	Kris Strybos (°1972), also known as SCALE is MC, beatboxer en producer. Als allround muzikaal talent omschrijft hij zichzelf als "geluidvinder". $$$$ En hij is vooral zijn unieke zelf. 	40	Voor muziekliefhebbers...	Operatie Afzuip	Limited edition vinyl Sint Andries Mc's. Transparent RED/WHITE. 100 pcs. First album.	Kris Strybos aka SCALE °1972 is MC-Beatboxer-Producer-Geluidvinder en vooral zichzelf.	32 cm x 32 cm	afzuip	145	@krisstrybos
The Subtitles	idem		66	Voor muziekliefhebbers...	Concert	Bon voor een tiny desk concert in ons repetitiekot of een ander concept (bespreekbaar)... 	The Subtitles in een muziekband. Reggae, Ska, worldvibes. Dik feest.	5x5m	subtitles	146	@thesubtitlesmusic
Daisy Schillemans	idem	Daisy Schillemans (°1956) experimenteert graag met landschap en figuren. Ze kreeg haar opleiding in de academie van Borsbeek waar ze nu nog steeds voortbouwt aan haar artistieke tocht om te blijven groeien.	0	Aan de muur...	Boem	Een mooi landschap waar een Palestijn moet weglopen van de gruwel en een granaat in zijn gezicht krijgt.  Ik heb dit schilderij gemaakt door alle gruwel die er in de wereld is en nog steeds verergert.	Geboren in Schoten in 1956. ik experimenteer graag met landschap en figuren en heb mijn opleiding gekregen in de academie van Borsbeek waar ik nu nog steeds me probeer te verbeteren	65 cm x 50 cm	schillemans	147	
Hazel Ver Moesen	idem	Hazel Ver Moesen (°2000) behaalde een master Vrije Kunsten aan KASK Gent. Ze werkt voornamelijk met hout en staal, waarmee ze sculpturen maakt die herinnering en collectieve nostalgie oproepen in speelse vormen. Haar praktijk is geworteld in een doe-het-zelfmentaliteit waarin sporen van het maakproces zichtbaar blijven en imperfectie een kernkwaliteit vormt. Inspiratie vindt ze in natuur, landschap, architectuur en alledaagse objecten, die ze herkadert tot tastbare echo’s van een gedeeld verleden.	120	Aan de muur...	Priklandschap VI	Ik prikte landschappen als op een prikblok; schetsen en plein air. Ze leggen een bepaald moment vast. Geabstraheerd tot 'tijd-stippen' is het landschap eerder voelbaar dan zichtbaar.  $$$$ Het werk is gemaakt uit hout, schuim en lak. Het formaat, 40 cm x 60 cm, is gebaseerd op het formaat dat gebruikt werd door landschapsschilders in de 18de-19de eeuw. 	Hazel Ver Moesen (°2000) behaalde een master Vrije Kunsten aan KASK Gent. Ze werkt voornamelijk met hout en staal, waarmee ze sculpturen maakt die herinnering en collectieve nostalgie oproepen in speelse vormen. Haar praktijk is geworteld in een doe-het-zelfmentaliteit waarin sporen van het maakproces zichtbaar blijven en imperfectie een kernkwaliteit vormt. Inspiratie vindt ze in natuur, landschap, architectuur en alledaagse objecten, die ze herkadert tot tastbare echo’s van een gedeeld verleden.	40 cm x 60 cm x 15 cm	vermoesen	148	@snoertjehazel
Clarisse Bruynbroeck (Woche)	idem	Clarisse Bruynbroeck (°1989), kunstenaar en goudsmid, startte in 2016 met het Belgische label Woche. Woche, het Duitse woord voor ‘week’, omvat een collectie handgemaakte, niet-seizoensgebonden juwelen die dagelijks gedragen kunnen worden, tot ze een tweede huid worden. Geïnspireerd door het alledaagse en het imperfecte. Woche werkt niet volgens een seizoensgebonden aanpak, maar evolueert door de tijd heen als een onbeperkte collectie.	450	Om te dragen...	Zilveren armband	Zilveren armband (sterling silver) waar handmatig in was geknede, organische vormen samensmelten met strakkere, eenvoudige lijnen. Een dialoog tussen de contrasterende vormen die eerder zijn verkend in de Woche-collecties.	Woche is a non-seasonal collection of jewelry, made for everyday wear until it becomes like second skin. The name translates to ‘week’ in German. Wearing these pieces daily makes them adjust to your body, with small changes in patina, colour and shape. The Belgian label was established in 2016 by Clarisse Bruynbroeck. Woche does not work according to a seasonal approach but rather evolves through time as an unconstrained collection. 	18 cm x 3 cm	brunybroeck	149	@woche.be
Olivier Goethals	idem	Olivier Goethals (°1980) studeerde architectuur en stedenbouw. Hij is tegelijkertijd actief als architect en kunstenaar. In zijn brede praktijk onderzoekt hij de verbinding tussen ruimte en bewustzijn. $$$$ Olivier maakte ruimtelijke interventies en artistieke installaties voor onder andere: Het Nieuwe Instituut Rotterdam, Hamburger Bahnhof Berlijn, Ruhrtriënnale Bochum, Biënnale Lyon, Extra City Antwerpen, BNKR München, Triënnale Milaan & Palais de Tokyo Parijs. $$$$ Zijn tekeningen en schilderijen zijn onder andere te zien geweest in Palais de Tokyo Parijs, Kunstverein Arnsberg, Kristof De Clerck Gent, Fred & Ferry Antwerpen, Kunsthal Kade Amersfoort, 019 Gent & Biënnale Lyon. $$$$ Voorheen werkte hij als freelance architect voor De Vylder Vinck Taillieu (2008-2016). Sinds 2010 doceert hij aan de afdeling Architectuur van de KULeuven. Hij was gastcriticus aan de faculteit Architectuur van de UGent, LUCA School of Arts en de Architectuuracademie Maastricht. Olivier maakt actief deel uit van het kunstenaarscollectief 019 Ghent.	5	Op de kast...	Zomaar	Deze drie stuks komen uit een reeks van 500 tekeningen van bloemen en architecturale volumes op A5	Olivier Goethals (°1980) studeerde architectuur en stedenbouw. ​​Hij is tegelijkertijd actief als architect en kunstenaar. In zijn brede praktijk onderzoekt hij de verbinding tussen ruimte en bewustzijn. $$$$ Olivier maakte ruimtelijke interventies en artistieke installaties voor onder andere: Het Nieuwe Instituut Rotterdam, Hamburger Bahnhof Berlijn, Ruhrtriennale Bochum, Biënnale Lyon, Extra City Antwerpen, BNKR München, Triënnale Milaan & Palais de Tokyo Parijs. $$$$ Zijn tekeningen en schilderijen zijn onder andere te zien geweest in Palais de Tokyo Parijs, Kunstverein Arnsberg, Kristof De Clerck Gent, Fred & Ferry Antwerpen, Kunsthal Kade Amersfoort, 019 Gent & Biënnale Lyon. $$$$ Voorheen werkte hij als freelance architect voor De Vylder Vinck Taillieu (2008-2016). Sinds 2010 doceert hij aan de afdeling Architectuur van de KULeuven. Hij was gastcriticus aan de faculteit Architectuur van de UGent, LUCA School of Arts en de Architectuuracademie Maastricht. Olivier maakt actief deel uit van het kunstenaarscollectief 019-ghent.	3 x A5	goethals1	150	@oliviergoethals.info
Mathias De Ferm	idem	Mathias De Ferm (°1985) is een product- en meubelontwerper uit Antwerpen, België. Hij werkt samen met gerenommeerde internationale merken en zijn werk omvat meubels, producten, verlichting en microarchitectuur. $$$$ Zijn werk wordt gekenmerkt door een sterk geloof in de maatschappelijke relevantie van design. Een eettafel bijvoorbeeld heeft niet alleen praktische kwaliteiten. Het vormt het sociale middelpunt van een huis: een plek waar mensen samenkomen om te eten, te drinken en met elkaar te praten. Dit idee leidde tot een serene maar hartelijke esthetiek en het veelvuldige gebruik van duurzame materialen.	1	Voor in huis...	Marguerite Stoel	De Marguerite-stoel is ontworpen voor het merk Joli. Hij heeft een organisch gevormde zitting, ondersteund door elegante conische poten.	Mathias De Ferm (°1985) is a product and furniture designer from Antwerp, Belgium. Collaborating with renowned international brands, his work includes mostly furniture	80 cm x 45 cm x 54 cm	deferm1	151	@mathiasdeferm_studio
Alec D'Hondt	idem		50	Aan de muur...	Andromeda	Potloodtekening Carand'ache Luminance op Canson papier.	Alec D'Hondt (°1986) is een Antwerps designer en kunstenaar. Het combineren van verschillende impulsen tot één visueel verhaal, zonder details in te vullen, biedt een bepaalde vrijheid om te bewegen in tijd, ruimte en stijl. Alec vergelijkt het graag met het lezen van een boek. Daar krijg je een verhaal, maar geen visuele impuls. De lezer vult het in met zijn eigen verbeelding. Alec probeert visuele impulsen te geven die, als je er genoeg naar kijkt, misschien één geheel kunnen vormen en verschillende verhaallijnen. Vrij in te vullen door zij die ernaar kijken.		dhondt	152	@noacanvas
Nick Hannes	idem	Nick Hannes (°1974) is fotograaf en docent aan de KASK Gent. Met een mix van subtiele humor, ironie en visuele metaforen richt hij zich op grote maatschappelijke thema’s als migratie, urbanisatie en globalisering. Nick publiceerde verschillende fotoboeken en stelde onder meer tentoon in het FoMu, De Garage, Be-Part en talrijke internationale fotofestivals. Zijn werk werd bekroond met de Zeiss Photography Award (2017), de Magnum Photography Award (2018) en een World Press Photo Award (2023).	80	Aan de muur...	Saint-Tropez, France, 2013	Deze foto staat in het boek ‘Mediterranean. The Continuity of Man’ (Hannibal Uitgeverij, 2014). Een Senegalese man verkoopt een armbandje aan een zonnebadende dame op het naaktstrand van Saint-Tropez. Het is de ontmoeting tussen de migrant en de toerist, op wie de Middellandse Zee om verschillende redenen een grote aantrekkingskracht uitoefent. Deze verrassende foto barst van de contrasten (noord-zuid, zwart-wit, man-vrouw, arm-rijk, gekleed-naakt) en roept connotaties op met kolonialisme, uitbuiting en ongelijke machtsverhoudingen.	Nick Hannes (°Antwerpen, 1974) is fotograaf en docent aan de KASK Gent. Met een mix van subtiele humor, ironie en visuele metaforen richt hij zich op grote maatschappelijke thema’s als migratie, urbanisatie en globalisering. Nick publiceerde verschillende fotoboeken en stelde onder meer tentoon in het FoMu, De Garage, Be-Part en talrijke internationale fotofestivals. Zijn werk werd bekroond met de Zeiss Photography Award (2017), de Magnum Photography Award (2018) en een World Press Photo Award (2023).	40 cm x 30 cm	nhannes	153	@nick.hannes
Julie Vrijens (Red Juliet)	idem	Julie Vrijens is illustratief en grafisch vormgever, mode-ontwerpster en beeldend kunstenaar. Daarnaast is ze ook beeldend therapeut en docent kunstvakken. Ze is zelfstandige in de mode- en horecasector, met een eigen horecazaak ‘Bar Bakeliet’ en modelabel ‘Red Juliet’. $$$$ Momenteel werkt ze aan een reeks nostalgische schilderijen, gebaseerd op eigen foto's en grafische collages en aan een prentenboek met een persoonlijk verhaal over verlies en rouwverwerking. Een thema dat ook in haar praktijk beeldende therapie, Ateljee Juliet, uitsproken aan bod komt. $$$$ Creëren en met mensen in verbinding gaan zijn haar grote passies en die tracht ze steeds in haar werk samen te brengen. Zo geeft ze met Ateljee Juliet ook creatieve workshops in Bar Bakeliet op maandagavonden en organiseert ze met de Beeldcompagnie, samen met Eline Van Eerderbrugh, modelteken sessies in Borgerhub.	190	Aan de muur...	‘Blooming’ from the series ‘The Healing’	‘Blooming’ is een digitale collage op transparante drager, gebaseerd op een combinatie van mixed media zoals eigen fotografie, grafisch werk, drukwerk en illustratie. Het is onderdeel van de serie ‘The Healing’. Een reeks werken met als inspiratie de vrouwelijke energie in connectie met de natuur. Met de focus op het evolutieproces van meisje naar vrouw en de symbiotische band tussen moeder en dochter, de intense band tussen zussen en diepgewortelde vriendschappen.	Julie Vrijens is illustratief en grafisch vormgever, mode-ontwerpster en beeldend kunstenaar. Daarnaast is ze ook beeldend therapeut en docent kunstvakken. Ze is zelfstandige in de mode- en horecasector, met een eigen horecazaak ‘Bar Bakeliet’ en modelabel ‘Red Juliet’. $$$$ Momenteel werkt ze aan een reeks nostalgische schilderijen, gebaseerd op eigen foto's en grafische collages en aan een prentenboek met en persoonlijk verhaal over verlies en rouwverwerking. Een thema dat ook in haar praktijk beeldende therapie, Ateljee Juliet, uitsproken aan bod komt. $$$$ Creëren en met mensen in verbinding gaan zijn haar grote passies en die tracht ze steeds in haar werk samen te brengen. Zo geeft ze met Ateljee Juliet ook creatieve workshops in Bar Bakeliet op maandagavonden en organiseert ze met de Beeldcompagnie, samen met Eline Van Eerderbrugh, modelteken sessies in Borgerhub.	50 cm x 70 cm	redjuliet	154	@ateljeejuliet
Fredandfilou&hearts;	idem	Fredandfilou&hearts; alias FRED (Frederick Michielsen) werd geboren in Antwerpen op een zonnige dag in 1977. Hij hield altijd al van creëren en schilderen, maar ontwikkelde pas na zijn 24ste zijn eigen persoonlijke en autodidactische stijl. Fred geeft een levendige ziel aan zijn doeken, maar brengt ook andere voorwerpen tot leven met zijn schildertechnieken. De afgelopen jaren heeft hij zijn eigen, bijzondere stijl verder ontwikkeld: een zeer gedetailleerde en kleurrijke techniek op doeken, sculpturen, auto's en huizen. Hij heeft het gevoel dat de reis nog niet ten einde is...	500	Aan de muur...	L’inconnu		Fredandfilou alias FRED (Frederick Michielsen) werd geboren in Antwerpen op een zonnige dag in 1977. Ik hield altijd al van creëren en schilderen, maar pas na mijn 24. begon ik mijn eigen persoonlijke en autodidactische stijl te ontwikkelen. Ik, Fred, begon mijn doeken, of elk ander voorwerp dat ik met mijn schildertechnieken tot leven kon brengen, een levendige ziel te geven. De afgelopen jaren heb ik mijn eigen, bijzondere stijl verder ontwikkeld: een zeer gedetailleerde en kleurrijke techniek op doeken, sculpturen, auto's en huizen. En ik heb het gevoel dat de reis nog niet ten einde is.	85 cm x 105 cm	fred	155	@fredandfilou
Nohablalogica	idem	Nohablalogica is de artiestennaam van Rhamsey K. Hij maakt hedendaagse stedelijke muurkunst en lichtsculpturen die een spiegel vormen voor menselijke instincten en gedragingen, gemaakt van intrigerende vormen die worden waargenomen en (up)cyclet, los van de gangbare conditionering. $$$$ Vaste thema's in zijn werk zijn evoluties en de radertjes van de tijd met betrekking tot seks, geweld, angst, dood en industrie. Verleden, heden en toekomst op onze planeet.	100	Op de kast...	BoogieManHunter Dragon Chariot	De volgende stap in de evolutie van angstbestrijding. Laat uw angst over aan de BoogieManHunter, die uw angsten zelfstandig zal elimineren.	Rhamsey K./ nohablalogica  Makes urban contemperary wall art and lightsculptures that are a mirror for human instinct & behaviourism made from intriguing shapes perceived and ( up) cycled away from main conditioning.  Themes: evolutions & the gears of time concerning sex, violence, fear, death & industry .past present and future on our planet	30 cm x 40 cm x 20 cm	nohablalogica	157	@nohablalogica
Dirk Domen	idem	Dirk Domen (°1969) is regisseur van films en commercials. In een ver verleden werkte hij zijn studies af op de Academie voor Schone Kunsten in Antwerpen. Hij pikt het tekenen terug op en probeert zich af en toe te bewegen in zijn eigen wereld die gekenmerkt wordt door ironische humor.	50	Aan de muur...	Depriman ‘Het glas’	Het is een cartoon in risoprint, een soort zeefdruk, die in 10 exemplaren gedrukt werd.	Dirk Domen(09/04/1969) is een film- en commercialsregisseur die in een ver verleden zijn studies afwerkte op de Academie van Schone Kunsten in Antwerpen. Hij pikt het tekenen terug op en probeert zich af en toe te bewegen in zijn eigen wereld die gekenmerkt wordt door ironische humor.	30 cm x 30 cm	domen	158	@dirk_domen
Jango Jim	idem	Jango Jim (°1985) is een koffiegedreven illustrator, animator en muurschilderaar uit Antwerpen, nu woonachtig in Brussel. Hij maakt vrolijk, kleurrijk werk dat de wereld nét wat leuker maakt. Zijn illustraties verschenen onder andere in The Guardian, voor Converse en Dr. Martens. Hij creëerde de animatiereeks Elvis & Benny voor VTM, animatiemuziekvideo’s voor Ryan Pollie (LA) en Black Box Revelation, en werkte mee aan de animatiereeks City Island in New York (PBS). Zijn muurschilderingen zijn te zien in Antwerpen, Brussel, Gent, New York, Polen en Roemenië. Daarnaast exposeerde hij in LA, Berlijn, Antwerpen, Brussel, Tokio en New York.	100	Aan de muur...	Bon Voyage	Gemaakt voor de duo expo 'Double Trouble' in The Bries Space in 2025. Verfstift en potlood op papier.	Coffee-fueled illustrator, animator en muurschilderaar uit Antwerpen wonend in Brussel die happy kleurrijk werk maakt om de wereld wat leuker te maken. Illustraties voor The Guardian, Converse, Dr Martens,.. Maakte animatiereeks Elvis & Benny voor VTM, animatiemuziekvideos voor Ryan Pollie (LA) en Black Box Revelation, werkte mee aan animatiereeks City Island in New York (PBS), muurschilderingen in Antwerpen, Brussel, Gent, New York, Polen, Roemenië,.. - Expo's in LA, Berlijn, Antwerpen, Brussel, Tokio, New York.	29,7 cm x 42 cm	jangojim	159	@jango_jim
Kathleen Steegmans	idem	Kathleen Steegmans studeerde in 1998 af als Meester in de Beeldende Kunst aan de Hogeschool te Hasselt. Momenteel werkt ze als zelfstandig figuratief kunstenaar en vormgever in Antwerpen. In haar persoonlijk werk beeldt ze vaak vrouwen af die vragen om gezien te worden. Vrouwen die je uitnodigen tot zelfreflectie en het verkennen van de onbegrensde mogelijkheden van onze geest. Het resultaat zijn kunstwerken die zowel vreemd als vertrouwd aanvoelen.	100	Aan de muur...	Fluttering Thoughts	In Fluttering Thoughts komen sprankelende glitter en fragiele lijnen samen tussen transparante lagen epoxy. Een vrouw staat centraal, omringd door vlinders die de constante stroom van gedachten en ideeën symboliseren. De vlinders laten zien hoe ideeën zich voortdurend ontvouwen, zweven en weer verdwijnen. Fragiel, vrij, soms chaotisch en altijd levendig.	Kathleen Steegmans studeerde in 1998 af als Meester in de Beeldende Kunst aan de Hogeschool te Hasselt. Momenteel werkt ze als zelfstandig figuratief kunstenaar en vormgever in Antwerpen. In haar persoonlijk werk beeld ze vaak vrouwen af die vragen om gezien te worden. Vrouwen die je uitnodigen uit tot zelfreflectie en het verkennen van de onbegrensde mogelijkheden van onze geest. Het resultaat zijn kunstwerken die zowel vreemd als vertrouwd aanvoelen.	35 cm x 45 cm ingelijst	steegmans	160	@kathleensteegmans
Pieter Boels	idem	Pieter Boels (°1985) is een Antwerpse ontwerper en artiest. Hij is gepassioneerd door de vorm van taal en de manier waarop deze extra betekenis kan geven aan wat er wordt uitgedrukt. Zijn werk combineert grafisch ontwerp, lettering en schilderkunst, met inspiratie uit filosofie, popcultuur en de staat van de wereld. In zijn stukken verwerkt hij zowel persoonlijke ervaringen als bredere maatschappelijke thema’s, vaak doorspekt met humor.	150	Aan de muur...	SMELLS LIKE___$$$$(fresh laundry and old mysteries)	SMELLS LIKE___ is een lopende serie waarbij ik de vorm van een wereldbekend product – de geurboompjes aan autospiegels – nieuwe inhoud geef door er een imaginaire, absurde of grappige 'geur' aan te geven. Hoe zou dit zelfs ruiken? En wat voor gevoel zou het geven als je wageninterieur hierin zou baden? Elk stuk is met de hand geschilderd en uniek. 	Ik ben Pieter Boels, Antwerps ontwerper en artiest. Ik ben gepassioneerd door de vorm van taal, en hoe deze extra betekenis kan geven aan wat er staat. Mijn werk is een combinatie van grafisch ontwerp, lettering en schilderkunst, geïnspireerd door filosofie, pop art en de staat van de wereld. In mijn stukken raak ik pijnpunten aan uit mijn eigen leven en uit de bredere maatschappelijke context, vaak doorspekt met humor. 	35 cm x 60 cm	boels	161	@pieterboels
Jorinde Krosenbrink	idem	Jorinde Krosenbrink (°1986) is een schilder. Kwetsbaar, onuitgesproken, blootgelegd, eerlijk en niet geënsceneerd in een alledaagse context. Het is vanuit deze begrippen dat het werk van Jorinde Krosenbrink ontstaat. Vanuit een fascinatie naar “de staat van het mens-zijn” zoekt zij niet naar eenvormigheid of eenduidige uitkomsten. Zij wil geen statische situaties vastleggen. Zij schildert de veranderingen en bewegingen, de onbewaakte momenten. $$$$ Haar archief is een bundeling van portretten, huiselijke situaties, dagelijkse omgevingen waarin mensen zich bevinden, leven en omgaan met elkaar. Deze refereren naar eigen ervaringen en herinneringen. Vanuit intuïtie, nieuwsgierigheid en zintuiglijke waarneming krijgen beelden vorm in haar gedachten. Het beeld wordt als het ware opgeladen. $$$$ Het moment van het schilderen is energiek en doordrongen van beweging. Zij maakt haar beslissingen tijdens het schilderen. Deze aanpak vereist een hoge concentratie en een niet aflatende focus. Al schilderend vervaagt het bronmateriaal en wordt het autonoom beeld gemaakt. Je zou het ook het “weg schilderen” of het herdefiniëren van haar archief kunnen noemen. Intuïtief, met overgave en met een impulsieve geste ontstaat al schilderend het werk.	250	Aan de muur...	Gebrand en gegrift	Een onbewaakt moment, kwetsbaar en onafwendbaar, gebrand en gegrift. $$$$ Olieverf op doek.	Kwetsbaar, onuitgesproken, blootgelegd, eerlijk en niet geënsceneerd in een alledaagse context. Het is vanuit deze begrippen dat mijn werk ontstaat. Vanuit een fascinatie naar “de staat van het mens-zijn” zoek ik niet naar eenvormigheid of eenduidige uitkomsten. Ik wil geen statische situaties vastleggen. Ik schilder de veranderingen en bewegingen, de onbewaakte momenten.   Mijn archief is een bundeling van portretten, huiselijke situaties, dagelijkse omgevingen waarin mensen zich bevinden, leven en omgaan met elkaar. Deze refereren naar eigen ervaringen en herinneringen. Vanuit intuïtie, nieuwsgierigheid en zintuigelijke waarneming krijgen beelden vorm in mijn gedachten. Het beeld wordt als het ware opgeladen.   Het moment van het schilderen is energiek en doordrongen van beweging. Ik maak mijn beslissingen tijdens het schilderen. Deze aanpak vereist een hoge concentratie en een niet aflatende focus. Al schilderend vervaagt het bronmateriaal en wordt het autonoom beeld gemaakt. Je zou het ook het “weg schilderen” of het herdefiniëren van mijn archief kunnen noemen. Intuïtief, met overgave en met een impulsieve geste ontstaat al schilderend het werk.	60 cm x 70 cm	krosenbrink	162	@jorindekrosenbrink
Klaartje Busselot	idem		250	Aan de muur...	Italian days	De illustratie ademt nonchalant Italiaans genieten: playful, sensueel en chic. $$$$ Ingelijst in een handgemaakte roze houten kader, afgewerkt met museumglas met optimale ontspiegeling en UV-bescherming. $$$$ Genummerde en gesigneerde art print: nummer 14/25.	Klaartje Busselot (°1986) is een Belgische kunstenaar en illustrator met een uitgesproken, kleurrijke stijl die mode, lifestyle en storytelling samenbrengt. Haar werk verschijnt in magazines zoals ELLE & Marie Claire en werd eerder getoond tijdens Salone del Mobile in Milaan. Met een speelse, sensuele en tijdloze beeldtaal creëert ze art prints en illustraties die een mix van luxe en alledaagse momenten vangen.	40 cm x 50 cm	busselot	163	@klaartje_busselot
Laurent Laporta	idem	Laurent Laporta (°1981) is gefascineerd door kleur en vorm. Vanuit die fascinatie onderzoekt hij hoe beide elkaar versterken. Zijn werk focust momenteel op geometrische vormen: strak en repetitief, maar met een eigen energie door kleur en compositie. Hij zoekt het punt waar rust en dynamiek elkaar raken. Eerder werkte hij met vloeiende, abstracte vormen die zich tot een evenwicht weefden.  $$$$ Naast zijn schilderspraktijk is hij Head of Design bij Duvel Moortgat en actief in branding en interieurprojecten. 	250	Aan de muur...	Coloursquare	Gefascineerd door kleur en vorm onderzoekt Laurent Laporta hoe beide elkaar versterken. Zijn werk focust momenteel op geometrische vormen: strak en repetitief, maar met een eigen energie door kleur en compositie. Hij zoekt het punt waar rust en dynamiek elkaar raken.	Gefascineerd door kleur en vorm onderzoekt laurent laporta hoe beide elkaar versterken. Zijn werk focust momenteel op geometrische vormen: strak en repetitief, maar met een eigen energie door kleur en compositie. Hij zoekt het punt waar rust en dynamiek elkaar raken. Eerder werkte hij met vloeiende, abstracte vormen die zich tot een evenwicht weefden. Naast zijn schilderpraktijk is hij head of design bij Duvel Moortgat en actief in branding en interieurprojecten.	40 cm x 50 cm	laporta	164	@laurentlaporta
OIM	idem	OIM is het pseudoniem van François Canon, een kunstenaar uit de streek van Doornik. Met zijn OIM-avatar combineert hij plezier met bewustmaking rond thema’s die hem na aan het hart liggen. Hij werkt vooral met papier en collage, maar schildert af en toe ook muurschilderingen.	70	Aan de muur...	A la campagne...	Het idee is om kunstwerken die zijn achtergelaten een tweede leven te geven. Door mijn personage toe te voegen, reageer ik op het bestaande beeld en is het een manier om in alle bescheidenheid samen te werken met kunstenaars die vaak anoniem blijven... of juist niet!	An artist from the Tournai region, my OIM avatar allows me to have fun as well as raise awareness of subjects that are close to my heart. I work on paper and collage, and sometimes paint murals.	32 cm x 26 cm	oim1	165	
Anthony Albers	idem		150	Aan de muur...	De Niro en Noguchi	Deze lino’s werden gemaakt voor het tijdschrift WeekUp.	Anthony Albers (°1980) is muzikant, schrijver en tekenaar. Zijn werk ontstaat enkel in opdracht, waarbij plezier en intuïtie het telkens halen van discipline en ambitie. 	2 keer 21 cm x 29,7 cm	albers	166	@albersitis
Justine Lambrechts	idem	Justine Lambrechts (°1998) vertrekt vanuit haar fascinatie voor de ambigue oorsprong van ‘gevonden (on)natuurlijke objecten’, een onderwerp diep verankerd in het sciencefictiongenre. Denk bijvoorbeeld aan monolieten, hemellichamen, onverklaarbare structuren, sporen of dubieuze waarnemingen. $$$$ Met een focus op materialiteit vormt en manipuleert ze stenen (en kleien) stillevens in haar schilderijen. Sculpturale constructies worden gestript van hun inherente tastbaarheid en hun context en – hoewel ze natuurlijk ogen – worden ze op verschillende niveaus geïnfiltreerd door artificiële interventies.	300	Aan de muur...	Parallell	Oil on wood attached to canvas stretcher	Justine Lambrechts (°1998) vertrekt vanuit haar fascinatie voor de ambigue oorsprong van ‘gevonden (on)natuurlijke objecten’, een onderwerp diep verankerd in het sciencefictiongenre. Denk bijvoorbeeld aan monolieten, hemellichamen, onverklaarbare structuren, sporen of dubieuze waarnemingen.  Met een focus op materialiteit vormt en manipuleert ze stenen (en kleien) stillevens in haar schilderijen. Sculpturale constructies worden gestript van hun inherente tastbaarheid en hun context en – hoewel ze natuurlijk ogen – worden ze op verschillende niveaus geïnfiltreerd door artificiële interventies.	30 cm x 40 cm	lambrechts	167	@lambrechts_justine
Michael Hafftka	Gerrie Van Rompaey	Michael Hafftka (°1953, New York) is een hedendaagse Amerikaanse expressionist. Zijn werk verkent existentiële thema’s, vaak met figuren die laveren tussen kwetsbaarheid en kracht. Hij werd beïnvloed door de Holocaustgeschiedenis van zijn ouders en put uit bijbelse, mythische en persoonlijke motieven. Hafftka werkt in schilderijen, tekeningen en grafiek. Zijn kunst is internationaal tentoongesteld en opgenomen in collecties van onder meer The Met, MoMA en de Brooklyn Museum.	750	Aan de muur...	Madonna and Child	Originele gesigneerde ets van Michael Hafftka uit 1994. Zeer beperkte oplage van 3/5.   Expressief vrouwelijk naakt, geïnspireerd op madonna met kind. De compositie balanceert tussen sensualiteit en dreiging. De grove krassen en de ruwe contouren versterken een gevoel van innerlijke onrust.  Kunstenaar is bijzonder ontroerd dat dit werk door Gerrie op de veiling wordt aangeboden. Na contact met de schenker liet hij deze boodschap na: $$$$ <i>&ldquo;I am touched by you having this print since 1997.  I didn't title most of my prints in those days but inspired by you we can title it now Madonna and Child, I will add this title to my catalog database.  As for the description, I cannot express myself with words as well as with paintings/drawings so I enjoy the interpretations of the viewers very much, and yours makes so much sense to me.  I hope the print will do well at the auction and would appreciate you letting me know how it goes when it does.&rdquo;</i>	Michael Hafftka (°1953, New York) is een hedendaagse Amerikaanse expressionist. Zijn werk verkent existentiële thema’s, vaak met figuren die laveren tussen kwetsbaarheid en kracht. Hij werd beïnvloed door de Holocaustgeschiedenis van zijn ouders en put uit bijbelse, mythische en persoonlijke motieven. Hafftka werkt in schilderijen, tekeningen en grafiek. Zijn kunst is internationaal tentoongesteld en opgenomen in collecties van onder meer The Met, MoMA en de Brooklyn Museum.	28 cm x 22 cm	hafftka	168	@hafftka
Piet Raemdonck	idem	Het werk van Piet Raemdonck (°1972) schommelt tussen figuratie en abstractie. Hij zaait graag verwarring binnen de herkenning.  $$$$ De kijker wordt uitgenodigd tot een persoonlijke lezing, een eigen interpretatie. Bijna altijd ligt ‘iets dat werd waargenomen’ aan de basis van tekening of schilderij.  $$$$ Vaak ontstaat werk terwijl Piet reist. Naast tentoonstellingen in eigen land stelde Piet Raemdonck oa tentoon in Melbourne, New York, Havana, London en Parijs.  $$$$ Piet Raemdonck wordt vertegenwoordigd door The Finch Project in het VK en door Otomys in Australië.	1200	Aan de muur...	AGDZ	Naast het werken op mijn atelier schilder ik graag en vaak op locatie. Schilderreizen zijn tegelijk studie en retraite. En vaak leiden ze tot artistiek inzicht, een nieuwe reeks werk of een tentoonstelling. Dit kleine ‘mixed media’ werk maakte ik langs de rand van de weg tijdens een Marokkoreis in 2005. 	Piet Raemdonck (1972)  Het werk van Piet Raemdonck schommelt tussen figuratie en abstractie. Hij zaait graag verwarring binnen de herkenning. De kijker wordt uitgenodigd tot een persoonlijke lezing, een eigen interpretatie. Bijna altijd ligt 'iets dat werd waargenomen' aan de basis van tekening of schilderij. Vaak ontstaat werk terwijl Piet reist.  Naast tentoonstellingen in eigen land stelde Piet Raemdonck oa tentoon in Melbourne, New York, Havana, London en Parijs.   Piet Raemdonck wordt vertegenwoordigd door The Finch Project in het VK en door Otomys in Australië.  (Instagram @pietraemdonck) 	39,5 cm x 32,5 cm (ingelijst)	raemdonck	169	@pietraemdonck
Dirk Verhaegen	Anonieme schenker	Dirk Verhaegen (°1950) is een Belgische grafisch kunstenaar, opgeleid aan het Sint-Lukasinstituut in Brussel, waar hij sinds 1988 ook docent is. Hij ontwikkelde een oeuvre binnen de geometrisch-abstracte en constructieve kunst, waarin wiskundige principes en logische spelregels de basis vormen voor zijn composities. Zijn werk evolueerde van lineaire structuren en veelhoeken in de jaren ’70 naar dynamische lijnen, cirkelsegmenten en gelaagde beeldvelden in recentere jaren. $$$$ Met meer dan honderd tentoonstellingen in binnen- en buitenland, waaronder Brussel, Montréal, Saarlouis en Nürnberg, heeft Verhaegen internationaal erkenning gekregen. Zijn schilderijen en grafische werken zoeken steeds de balans tussen orde en verwarring, waarbij het strakke systeemdenken poëtisch wordt doorbroken. Zo creëert hij een beeldtaal waarin strenge regels samengaan met visuele verrassing en speelse dynamiek.  	1250	Aan de muur...	Uitwisseling	Grafisch werk uit de reeks ”Neatly Disturbed” (2017). Nummer 19 uit een oplage van 60. 	dirkverhaegen.blogspot.com	32 cm x 47 cm (ingelijst: 47 cm x 62 cm)	verhaegen	170	
Kristien Laermans	idem	Kristien Laermans (°1955) is een veelzijdige kunstenares met een achtergrond in mode, textiele vormgeving, hoedenmakerij en schilderkunst. Ze volgde een intensieve artistieke opleiding van in totaal vijftien jaar en ontwikkelde zo een brede, ambachtelijke én creatieve basis. Haar werk balanceert tussen verfijnde techniek en persoonlijke expressie. Laermans nam deel aan verschillende tentoonstellingen, zowel in binnen- als buitenland, waar haar kunst de verbinding legt tussen traditie en vernieuwing.	65	Op de kast...	Energy	Object	Kristien laermans 1955 volgde 4 jaar mode  3  jaar textiele vormgeving en4 jaar hoedenmaker (modiste) 4jaar schilderkunst  Verschillende tentoonstellingen in binnen en buitenland 	30 cm x 25 cm 	laermans2	171	
John Stoop	idem	John Stoop (°1955) speelde al van jongs af met kleuren. Hij volgde verschillende academies: schilderen, aquarel, grafiek en beeldhouwen. $$$$ Nu vertaalt hij het in Drie Dé, tussen zijn dagelijkse klussen door. Hij brengt beeldjes in klei en plaaster in confrontatie met vormen uit allerhande materiaal.	150	Op de kast...	Alles heeft een zwakte	Elk materiaal heeft zijn zwakte, vandaar dat ook hier samenwerking van doen is!!? 	Zeventig tel ik,  Van jongs af speelde ik met kleuren.  Verschillende academies volgde ik, schilderen , aquarel , grafiek en beeldhouwen. Nu tracht ik tussen mijn dagelijkse klussen, het in  Drie Dé te verhalen.  Beeldjes in klei en plaaster breng ik in confrontatie met vormen uit allerhande materiaal.  Vaak met een 	30 cm x 20 cm x 20 cm	stoop1	172	
Marieke De Backer	idem	Marieke De Backer is een jonge interieurarchitecte en meubelontwerpster uit Brugge. Het gebruik van gerecupereerd hout en een ecologische aanpak is een rode draad doorheen haar werk.	250	Voor in huis...	PADU	De bijzettafel PADU is een eerste meubel uit een serie van meubels uit gerecupereerd padoukhout. De serie wordt gekenmerkt door een strakke vormgeving. Doordat het hout werd gerecupereerd zijn kleine verwijzingen zichtbaar van het verleden van het hout. (2025)  	Marieke De Backer is een jonge interieurarchitecte en meubelontwerpster uit Brugge. Het gebruik van gerecupereerd hout en een ecologische aanpak is een rode draad doorheen haar werk.   @designmariekedebacker	36 cm x 36 cm x 36 cm	debacker1	173	@designmariekedebacker
Annelies Vanhaverbeke	idem	Annelies Vanhaverbeke (°1980) woont en werkt in Antwerpen. In 2003 studeerde zij af als meester in de Beeldhouwkunst aan de Koninklijke Academie voor Schone Kunsten in Antwerpen. Aansluitend behaalde ze een postgraduaat Autonome Beeldende Kunst aan de Akademie voor Kunst en Vormgeving/St. Joost in Breda (Nederland). Sindsdien is zij actief als beeldend kunstenaar in haar atelier en neemt zij deel aan tentoonstellingen in zowel binnen- als buitenland. Daarnaast is zij verbonden aan de Kunsthumaniora in Antwerpen, waar zij lesgeeft in waarnemingstekenen en tekenen naar naaktmodel.	75	Aan de muur...	Voorstudie (2023)	Deze zeefdruk werd gemaakt vanuit een tekening die als voorstudie diende voor een onderdeel van een schilderij. In het uiteindelijke schilderij "Revelatie" werden er vier hoofden gestapeld en omarmd door de bovenste figuur. Het werk was onderdeel van de tentoonstelling "SPOREN" in maart 2024. De mens laat in zijn zog sporen achter, vaak van vernieling, maar even vaak van alledaagse schoonheid. Volg zo een spoor en het brengt je binnen in een nieuw verhaal. $$$$ Editie: 4 / 30	Annelies Vanhaverbeke (°1980) woont en werkt in Antwerpen. In 2003 afgestudeerd als meester in de Beeldhouwkunst aan de Koninklijke Academie voor Schone Kunsten. Behaalde een postgraduaat Autonome Beeldende Kunst aan de Akademie voor Kunst en Vormgeving/St. Joost Breda (Nederland) Werkt sindsdien als Beeldend Kunstenaar in haar atelier en stelt tentoon in binnen en buitenland.  Daarnaast werkt ze als docent waarnemingstekenen en naaktmodel tekenen in de Kunsthumaniora te Antwerpen. 	A2 / papier	_VERKOOP		@vanhaverbekeannelies
Laura Schillemans	idem		25	Op de kast...	Foto prints	Twee foto prints uit de a sense of… collectie, waar verleden en herinnering het heden raken. Palmbomen wiegen in de woestijn bij het verdwenen dorp Ein Hijleh op de Westelijke Jordaanoever. Het tweede werk toont een vrouw die rondjes wandelt op de tribune van het National Stadium in Phnom Penh, een modernistisch bouwwerk van architect Vann Molyvann en symbool van Cambodja’s culturele erfgoed.	Als fotograaf zoek ik naar het onverwachte in het vertrouwde en naar de magie in het onbekende. Ik geloof dat ontmoetingen en het delen van verhalen afstanden tussen mensen verkleinen en begrip vergroten. Met natuurlijk licht en een eenvoudige camera leg ik wereldwijd authentieke momenten vast die ons herinneren aan wie we samen zijn.	12,7 cm x 17,8 cm	_VERKOOP		
Tim Michielsen	idem	Tim Michielsen is een veelzijdig kunstenaar, geboren en getogen in Antwerpen, die de wereld een mooiere plek wil maken. Je zou hem een ‘artivist’ kunnen noemen.	100	Op de kast...	Bee #11	Een sculptuur van een bij met bijzondere eigenschappen om de natuurlijke omgeving te verbeteren, vervaardigd uit hout, plastic, pistacheschillen en oud verband.	"Tim Michielsen is een veelzijdig kunstenaar, geboren en getogen in Antwerpen, die de wereld een mooiere plek wil maken. Je zou hem een ‘artivist’ kunnen noemen."	12 cm x 12 cm x 20 cm	timm		
Indrė Svirplytė	idem		60	Aan de muur...	The taste of blossom	We volgen hetzelfde pad, reiken naar dezelfde bloem en hunkeren naar dezelfde smaak — de smaak van vrijheid.	Indrė Svirplytė is een Litouwse kunstenares die in Brussel woont. Haar werk beweegt zich vrij tussen installatie, textiel en illustratie, waarbij ze altijd de regels van formaat en vorm doorbreekt. Ze creëert surrealistische, gedurfde en ietwat gestoorde scènes op papier en scherm – denk aan een mix van cartooneske chaos en vlijmscherpe satire. Haar personages, die vaak vreemd menselijk zijn, leven in een wereld waar humor, ironie en gedurfde lijnen samenkomen.	21,6 cm x 17 cm	svirplyte		